HARDWARE DETALLADO:,"CPU: Intel64 Family 6 Model 158 Stepping 10, GenuineIntel | 6 Cores  | GPU: NVIDIA GeForce GTX 1060 6GB | 1024 Threads/Block"
SOFTWARE DETALLADO:,OS: Windows 10 | Python: 3.14.5

Metodo,T_Perdido_Disco(s),T_Transf_IN(s),T_Computo_1(s),T_Computo_2(s),T_Computo_Total(s),T_Transf_OUT(s),T_Total_Global(s),Speed-Up,Performance(%)
numba_gpu.t128_8,132.4125,7.6598,2.2745,0.334,2.6085,10.8842,153.565,29.44x,2943.7%
secuencial,96.3775,0.0,14399.7817,0.0,14399.7817,0.0,14496.1592,0.31x,31.2%
numba_gpu.t8_8,132.3562,6.5519,2.7661,0.3269,3.093,10.9321,152.9333,29.56x,2955.9%
numba_gpu.t16_16,122.0126,6.6201,2.1317,0.3154,2.4471,11.14,142.2198,31.79x,3178.6%
numba_gpu.t8_128,114.8178,6.5163,2.885,0.3212,3.2062,10.9579,135.4981,33.36x,3336.3%
numba_gpu.t128_8,117.0574,6.4612,2.2541,0.3239,2.578,11.1944,137.291,32.93x,3292.7%
pytorch_cpu,247.4668,0.0,3444.8083,0.0,3444.8083,0.0,3692.2751,1.22x,122.4%
pytorch_gpu,290.8737,530.27,55.2496,0.0,55.2496,119.701,996.0943,4.54x,453.8%
